,noise factor,ARI mean,ARI std,Precision mean,Precision std,Recall mean,Recall std
0,0.0,0.2428084975503524,0.035285359360281196,0.5177837837837839,0.0329955173261927,0.4834594594594595,0.0350044972588074
1,0.1,0.24866498366601295,0.03886516224548955,0.5232702702702704,0.03700215183366235,0.4905405405405406,0.04135841663718333
2,0.5,0.2732972403105192,0.05314091349371238,0.5382342342342343,0.04375973832739709,0.5145405405405405,0.05406997062960224
3,1.0,0.2822269802866149,0.05362335752322921,0.5360810810810811,0.04250273913744309,0.5246081081081081,0.05601992595251575
4,1.5,0.2822120975877226,0.05061921892842849,0.528454054054054,0.04341126277331046,0.5261837837837838,0.053193601223295604
5,2.0,0.2765459523362293,0.04940326716859863,0.518981981981982,0.046129690001678984,0.5234684684684686,0.050880945621953035
6,3.0,0.2695544530315265,0.05034682464414624,0.5094980694980695,0.049782041600324636,0.519011583011583,0.05006384081950279
7,5.0,0.26314713142583696,0.051170744569613534,0.5015743243243244,0.05189246858843398,0.5147905405405406,0.0495236065888686
