,fact,ARI_mean,ARI_std,Precision_mean,Precision_std,Recall_mean,Recall_std
0,0.0,0.2413935918548456,0.03858439473360944,0.5160810810810811,0.02976011960279776,0.4854054054054055,0.03263898192313626
1,0.01,0.24730361145665364,0.03607336754527663,0.523445945945946,0.029280310099664347,0.4912837837837838,0.03015353637678832
2,0.1,0.2504834484947133,0.037552838744640785,0.5257207207207207,0.03372604675934904,0.4938288288288288,0.03505566781266245
3,0.5,0.2665213910710323,0.04731571770475974,0.5351351351351352,0.038128708252281276,0.5105743243243243,0.046001940740176106
4,1.0,0.273947097675223,0.04970241024120643,0.5329999999999999,0.03901881885682521,0.5179189189189188,0.05057832811969464
5,1.5,0.2756881489999528,0.047668809462736224,0.5270045045045045,0.04035467277130797,0.520518018018018,0.04932771287056421
6,2.0,0.2729240058893456,0.0459092636638344,0.5195559845559846,0.042616856570802907,0.5195945945945947,0.04794985576028265
7,3.0,0.2669955746054421,0.047480309481709546,0.5112500000000001,0.04637802350947836,0.5167060810810811,0.047356017482476136
